category,item_key,name,qty,notes,aliexpress_url,amazon_url,pcbway_url,other_urls,all_urls
Component,nema-17-stepper-motor,Nema 17 - Stepper Motor,1,"SM42HT47-1684 1,8º step, 1,6 A, 60mm",https://s.click.aliexpress.com/e/_c4OFDxTd,https://geni.us/QiHJ,,,https://s.click.aliexpress.com/e/_c4OFDxTd | https://geni.us/QiHJ
Component,arduino-mega,Arduino Mega,1,ARDUINO MEGA 2560,https://s.click.aliexpress.com/e/_c3HDcXz1,https://geni.us/nOmk0je,,,https://s.click.aliexpress.com/e/_c3HDcXz1 | https://geni.us/nOmk0je
Component,stepper-driver,Stepper Driver,6,Stepper Driver tb6560,https://s.click.aliexpress.com/e/_c4rcHLfl,https://geni.us/34NC66,,,https://s.click.aliexpress.com/e/_c4rcHLfl | https://geni.us/34NC66
Component,power-supply,Power Supply,1,Power Supply 24V 320W,https://s.click.aliexpress.com/e/_c3cuxp5p,https://geni.us/s3LtaC,,,https://s.click.aliexpress.com/e/_c3cuxp5p | https://geni.us/s3LtaC
Component,ramps-board,RAMPS Board,1,RAMPS V1.4,https://s.click.aliexpress.com/e/_c3mpjdAb,https://geni.us/MPhB3,,,https://s.click.aliexpress.com/e/_c3mpjdAb | https://geni.us/MPhB3
Component,voltage-converter,Voltage Converter,1,Power converter 24V a 12V,https://s.click.aliexpress.com/e/_c4tflrHt,https://geni.us/HMnH3lo,,,https://s.click.aliexpress.com/e/_c4tflrHt | https://geni.us/HMnH3lo
Component,servo-motor,Servo Motor,1,Servo Motor 180° 55G TORQUE=13KG/CM,https://s.click.aliexpress.com/e/_c34OKrYr,https://geni.us/L1E7S,,,https://s.click.aliexpress.com/e/_c34OKrYr | https://geni.us/L1E7S
Component,nema-17-geared-stepper,Nema 17 - Geared Stepper,1,"Gear Ratio 5:1 Planetary Gearbox ( step 0,35º , 2Nm, 1,68A)",https://s.click.aliexpress.com/e/_c3aADJEj,https://geni.us/3lZAcBw,,,https://s.click.aliexpress.com/e/_c3aADJEj | https://geni.us/3lZAcBw
Component,nema-23-stepper-motor,Nema 23 - Stepper Motor,2,"112mm Single shaft Ø8mm, step 1,8º, 3A, 3Nm hoding torque",https://s.click.aliexpress.com/e/_c3H33OaB,https://geni.us/EcH07mb,,,https://s.click.aliexpress.com/e/_c3H33OaB | https://geni.us/EcH07mb
Component,nema-14-stepper-motor,Nema 14 - Stepper Motor,1,"SM35HT36-1004A, 1,8º step, 1A, 1400g·cm",https://s.click.aliexpress.com/e/_c3e8UtXz,https://geni.us/xdpBAp,,,https://s.click.aliexpress.com/e/_c3e8UtXz | https://geni.us/xdpBAp
Component,nema-17-stepper-motor-2,Nema 17 - Stepper Motor,1,"SM42HT33-1334, 1,8º step, 1,33A, 2200 g·cm",https://s.click.aliexpress.com/e/_c2yj2cqf,https://geni.us/8MgzH6U,,,https://s.click.aliexpress.com/e/_c2yj2cqf | https://geni.us/8MgzH6U
Component,smooth-rod,Smooth Rod,1,Smooth Rod_M8x134mm (cut to length),https://s.click.aliexpress.com/e/_c4p5MQQr,https://geni.us/iJD5xNu,,,https://s.click.aliexpress.com/e/_c4p5MQQr | https://geni.us/iJD5xNu
Component,smooth-rod-2,Smooth Rod,1,Smooth Rod_M8x114mm (cut to length),https://s.click.aliexpress.com/e/_c4p5MQQr,https://geni.us/iJD5xNu,,,https://s.click.aliexpress.com/e/_c4p5MQQr | https://geni.us/iJD5xNu
Component,smooth-rod-3,Smooth Rod,1,Smooth Rod_M8x80mm (cut to length),https://s.click.aliexpress.com/e/_c4p5MQQr,https://geni.us/iJD5xNu,,,https://s.click.aliexpress.com/e/_c4p5MQQr | https://geni.us/iJD5xNu
Component,bearing,Bearing,10,Ball Bearing 608ZZ 8mm x 22mm x 7mm,https://s.click.aliexpress.com/e/_c4r4BWVz,https://geni.us/yuBJJk,,,https://s.click.aliexpress.com/e/_c4r4BWVz | https://geni.us/yuBJJk
Component,bearing-2,Bearing,8,Ball Bearing 625ZZ 5mm x 16mm x 5mm,https://s.click.aliexpress.com/e/_c4mzDTfN,https://geni.us/wlomV,,,https://s.click.aliexpress.com/e/_c4mzDTfN | https://geni.us/wlomV
Component,bearing-3,Bearing,9,Ball Bearing 624ZZ 4mm x 13mm x 5mm,https://s.click.aliexpress.com/e/_c4mzDTfN,https://geni.us/kBdBAv4,,,https://s.click.aliexpress.com/e/_c4mzDTfN | https://geni.us/kBdBAv4
Component,bearing-4,Bearing,3,Ball Bearing 623ZZ 3mm x 10mm x 4mm,https://s.click.aliexpress.com/e/_c4mzDTfN,https://geni.us/bhATSLc,,,https://s.click.aliexpress.com/e/_c4mzDTfN | https://geni.us/bhATSLc
Component,brass-heat-insert,Brass Heat Insert,3,M4x8x5,https://s.click.aliexpress.com/e/_c4VulMh9,https://geni.us/K3XWb,,,https://s.click.aliexpress.com/e/_c4VulMh9 | https://geni.us/K3XWb
Component,brass-heat-insert-2,Brass Heat Insert,20,"M3x5,6x4,7",https://s.click.aliexpress.com/e/_c4kt2HZp,https://geni.us/7WtFHJ,,,https://s.click.aliexpress.com/e/_c4kt2HZp | https://geni.us/7WtFHJ
Component,pulley,Pulley,3,"Pulley T5, Bore 8mm, 14 tooth, 17mm width",https://s.click.aliexpress.com/e/_c3dJZIY3,https://geni.us/5fnw,,,https://s.click.aliexpress.com/e/_c3dJZIY3 | https://geni.us/5fnw
Component,pulley-2,Pulley,2,"Pulley T5, Bore 5mm, 10 tooth, 17 mm width",https://s.click.aliexpress.com/e/_c36YvxcX,https://geni.us/w9mND,,,https://s.click.aliexpress.com/e/_c36YvxcX | https://geni.us/w9mND
Component,threaded-rod,Threaded Rod,1,ROD BAR M8 L 42mm (Order 50mm and grind 2mm off),https://s.click.aliexpress.com/e/_c3P0XhBV,https://geni.us/drhuAA,,,https://s.click.aliexpress.com/e/_c3P0XhBV | https://geni.us/drhuAA
Component,shaft-coupling,Shaft Coupling,1,COUPLING STEEL 5 TO 8 mm rigid,https://s.click.aliexpress.com/e/_c40sT5xN,https://geni.us/ARTeP,,,https://s.click.aliexpress.com/e/_c40sT5xN | https://geni.us/ARTeP
Component,cooling-fan,Cooling Fan,1,Axial Fan DC 24V 80x80x25mm,https://s.click.aliexpress.com/e/_c3vE5Hkn,https://geni.us/CVu9uTU,,,https://s.click.aliexpress.com/e/_c3vE5Hkn | https://geni.us/CVu9uTU
Component,cooling-fan-2,Cooling Fan,1,Axial Fan DC 24V 50x50x15mm,https://s.click.aliexpress.com/e/_c3HKlvPV,https://geni.us/CzN9HW,,,https://s.click.aliexpress.com/e/_c3HKlvPV | https://geni.us/CzN9HW
Component,power-cable,Power Cable,1,"Power supply cable IEC 1,5m (buy the one for your region.",https://s.click.aliexpress.com/e/_c35fLyqX,https://geni.us/N8B7mcd,,,https://s.click.aliexpress.com/e/_c35fLyqX | https://geni.us/N8B7mcd
Component,usb-cable,USB Cable,1,"Cable USB 2.0 AM/BM 1,8m",https://s.click.aliexpress.com/e/_c4KzoqEn,https://geni.us/z1uw,,,https://s.click.aliexpress.com/e/_c4KzoqEn | https://geni.us/z1uw
Component,cable-management,Cable Management,10,Cable Ties,https://s.click.aliexpress.com/e/_c3fpXInh,https://geni.us/Ngp8sJt,,,https://s.click.aliexpress.com/e/_c3fpXInh | https://geni.us/Ngp8sJt
Component,bushing,Bushing,8,Self Lubricating bearing 5mm x 8mm x 10mm,https://s.click.aliexpress.com/e/_c3EeiUhd,https://geni.us/dDIAb,,,https://s.click.aliexpress.com/e/_c3EeiUhd | https://geni.us/dDIAb
Component,bushing-2,Bushing,2,Self Lubricating bearing 8mm x 12mm x 20mm,https://s.click.aliexpress.com/e/_c4TQ5dYX,https://geni.us/ybi5Rah,,,https://s.click.aliexpress.com/e/_c4TQ5dYX | https://geni.us/ybi5Rah
Component,timing-belt,Timing Belt,1.8m,"Breco belt T5, 15mm width, L 180cm",https://s.click.aliexpress.com/e/_c3NShxMB,https://geni.us/MeJZ,,,https://s.click.aliexpress.com/e/_c3NShxMB | https://geni.us/MeJZ
Component,base-plate,Base Plate,1,Wood Base - 550mm x 550mm x 16mm (Or another material fo your choosing),,,,,
Fasteners,hexagonal-head-cap-screw,Hexagonal Head Cap Screw,4,MC6S M3x8,https://s.click.aliexpress.com/e/_c3XeHXW7,https://geni.us/XebB,,,https://s.click.aliexpress.com/e/_c3XeHXW7 | https://geni.us/XebB
Fasteners,hexagonal-head-cap-screw-2,Hexagonal Head Cap Screw,30,MC6S M3x10,https://s.click.aliexpress.com/e/_c3XeHXW7,https://geni.us/XebB,,,https://s.click.aliexpress.com/e/_c3XeHXW7 | https://geni.us/XebB
Fasteners,hexagonal-head-cap-screw-3,Hexagonal Head Cap Screw,6,MC6S M3x12,https://s.click.aliexpress.com/e/_c3XeHXW7,https://geni.us/XebB,,,https://s.click.aliexpress.com/e/_c3XeHXW7 | https://geni.us/XebB
Fasteners,hexagonal-head-cap-screw-4,Hexagonal Head Cap Screw,13,MC6S M3x16,https://s.click.aliexpress.com/e/_c3XeHXW7,https://geni.us/XebB,,,https://s.click.aliexpress.com/e/_c3XeHXW7 | https://geni.us/XebB
Fasteners,hexagonal-head-cap-screw-5,Hexagonal Head Cap Screw,4,MC6S M3x20,https://s.click.aliexpress.com/e/_c3XeHXW7,https://geni.us/XebB,,,https://s.click.aliexpress.com/e/_c3XeHXW7 | https://geni.us/XebB
Fasteners,hexagonal-head-cap-screw-6,Hexagonal Head Cap Screw,5,MC6S M3x25,https://s.click.aliexpress.com/e/_c3XeHXW7,https://geni.us/XebB,,,https://s.click.aliexpress.com/e/_c3XeHXW7 | https://geni.us/XebB
Fasteners,hexagonal-head-cap-screw-7,Hexagonal Head Cap Screw,2,MC6S M3x30,https://s.click.aliexpress.com/e/_c3XeHXW7,https://geni.us/XebB,,,https://s.click.aliexpress.com/e/_c3XeHXW7 | https://geni.us/XebB
Fasteners,hexagonal-head-cap-screw-8,Hexagonal Head Cap Screw,4,MC6S M3x35,https://s.click.aliexpress.com/e/_c3XeHXW7,https://geni.us/uW3lDP,,,https://s.click.aliexpress.com/e/_c3XeHXW7 | https://geni.us/uW3lDP
Fasteners,hexagonal-head-cap-screw-9,Hexagonal Head Cap Screw,7,MC6S M3x40,https://s.click.aliexpress.com/e/_c3XeHXW7,https://geni.us/uW3lDP,,,https://s.click.aliexpress.com/e/_c3XeHXW7 | https://geni.us/uW3lDP
Fasteners,hexagonal-head-cap-screw-10,Hexagonal Head Cap Screw,2,MC6S M4x10,https://s.click.aliexpress.com/e/_c3piOj51,https://geni.us/aVZdcGf,,,https://s.click.aliexpress.com/e/_c3piOj51 | https://geni.us/aVZdcGf
Fasteners,hexagonal-head-cap-screw-11,Hexagonal Head Cap Screw,2,MC6S M4x12,https://s.click.aliexpress.com/e/_c3piOj51,https://geni.us/aVZdcGf,,,https://s.click.aliexpress.com/e/_c3piOj51 | https://geni.us/aVZdcGf
Fasteners,hexagonal-head-cap-screw-12,Hexagonal Head Cap Screw,8,MC6S M4x16,https://s.click.aliexpress.com/e/_c3piOj51,https://geni.us/aVZdcGf,,,https://s.click.aliexpress.com/e/_c3piOj51 | https://geni.us/aVZdcGf
Fasteners,hexagonal-head-cap-screw-13,Hexagonal Head Cap Screw,3,MC6S M4x20,https://s.click.aliexpress.com/e/_c3piOj51,https://geni.us/aVZdcGf,,,https://s.click.aliexpress.com/e/_c3piOj51 | https://geni.us/aVZdcGf
Fasteners,hexagonal-head-cap-screw-14,Hexagonal Head Cap Screw,4,MC6S M4x25,https://s.click.aliexpress.com/e/_c3piOj51,https://geni.us/aVZdcGf,,,https://s.click.aliexpress.com/e/_c3piOj51 | https://geni.us/aVZdcGf
Fasteners,hexagonal-head-cap-screw-15,Hexagonal Head Cap Screw,8,MC6S M4x30,https://s.click.aliexpress.com/e/_c3piOj51,https://geni.us/aVZdcGf,,,https://s.click.aliexpress.com/e/_c3piOj51 | https://geni.us/aVZdcGf
Fasteners,hexagonal-head-cap-screw-16,Hexagonal Head Cap Screw,4,MC6S M4x40,https://s.click.aliexpress.com/e/_c3piOj51,https://geni.us/aVZdcGf,,,https://s.click.aliexpress.com/e/_c3piOj51 | https://geni.us/aVZdcGf
Fasteners,hexagonal-head-cap-screw-17,Hexagonal Head Cap Screw,6,MC6S M4x45,https://s.click.aliexpress.com/e/_c3piOj51,https://geni.us/aVZdcGf,,,https://s.click.aliexpress.com/e/_c3piOj51 | https://geni.us/aVZdcGf
Fasteners,hexagonal-head-cap-screw-18,Hexagonal Head Cap Screw,4,MC6S M4x60,https://s.click.aliexpress.com/e/_c3piOj51,https://geni.us/AMHzG,,,https://s.click.aliexpress.com/e/_c3piOj51 | https://geni.us/AMHzG
Fasteners,hexagonal-head-cap-screw-19,Hexagonal Head Cap Screw,120,MC6S M5x14,https://s.click.aliexpress.com/e/_c4XMd4bp,https://geni.us/FWRkK,,,https://s.click.aliexpress.com/e/_c4XMd4bp | https://geni.us/FWRkK
Fasteners,hexagonal-head-cap-screw-20,Hexagonal Head Cap Screw,8,MC6S M5x20,https://s.click.aliexpress.com/e/_c4XMd4bp,https://geni.us/FWRkK,,,https://s.click.aliexpress.com/e/_c4XMd4bp | https://geni.us/FWRkK
Fasteners,hexagonal-bolt,Hexagonal Bolt,1,M6S M8x65,https://s.click.aliexpress.com/e/_c3AkcVdD,https://geni.us/DYoFJ2A,,,https://s.click.aliexpress.com/e/_c3AkcVdD | https://geni.us/DYoFJ2A
Fasteners,nut,Nut,30,NUT M3,https://s.click.aliexpress.com/e/_c4dPMJIj,https://geni.us/IXWZiC0,,,https://s.click.aliexpress.com/e/_c4dPMJIj | https://geni.us/IXWZiC0
Fasteners,nut-2,Nut,4,NUT M4,https://s.click.aliexpress.com/e/_c4dPMJIj,https://geni.us/IXWZiC0,,,https://s.click.aliexpress.com/e/_c4dPMJIj | https://geni.us/IXWZiC0
Fasteners,locknut,Locknut,18,LOCKNUT M4,https://s.click.aliexpress.com/e/_c4c1Cx8n,https://geni.us/uW3lDP,,,https://s.click.aliexpress.com/e/_c4c1Cx8n | https://geni.us/uW3lDP
Fasteners,locknut-2,Locknut,16,LOCKNUT M5,https://s.click.aliexpress.com/e/_c4c1Cx8n,https://geni.us/uW3lDP,,,https://s.click.aliexpress.com/e/_c4c1Cx8n | https://geni.us/uW3lDP
Fasteners,locknut-3,Locknut,2,LOCKNUT M8,https://s.click.aliexpress.com/e/_c4c1Cx8n,https://geni.us/uW3lDP,,,https://s.click.aliexpress.com/e/_c4c1Cx8n | https://geni.us/uW3lDP
Fasteners,washer,Washer,10,WASHER M3,https://s.click.aliexpress.com/e/_c3XPz8aP,https://geni.us/gW6TZ,,,https://s.click.aliexpress.com/e/_c3XPz8aP | https://geni.us/gW6TZ
Filaments,abs-asa-petg-pc-filament,ABS/ASA/PETG&PC Filament,-,Approx 500g required,https://s.click.aliexpress.com/e/_c2u7dF8J,https://geni.us/gAhsy,,,https://s.click.aliexpress.com/e/_c2u7dF8J | https://geni.us/gAhsy
Filaments,abs-asa-petg-pc-filament-2,ABS/ASA/PETG&PC Filament,-,Approx 500g required,https://s.click.aliexpress.com/e/_c4sIjv6L,https://geni.us/iEIj,,,https://s.click.aliexpress.com/e/_c4sIjv6L | https://geni.us/iEIj
Filaments,black-pla-filament,Black PLA Filament,-,Approx 750g required (includes 500g for the stand),https://s.click.aliexpress.com/e/_c2QdFuwn,https://geni.us/m7Fcy3W,,,https://s.click.aliexpress.com/e/_c2QdFuwn | https://geni.us/m7Fcy3W
Filaments,white-tpu-filament,White TPU Filament,-,"Approx 50g required, for feet",https://s.click.aliexpress.com/e/_c3HBKl3V,https://geni.us/XPB98,,,https://s.click.aliexpress.com/e/_c3HBKl3V | https://geni.us/XPB98
Tools,crimp-tool,Crimp Tool,1,,https://s.click.aliexpress.com/e/_c4VtpJeL,https://geni.us/RH6Ac9,,,https://s.click.aliexpress.com/e/_c4VtpJeL | https://geni.us/RH6Ac9
Tools,hex-key-set,Hex Key set,1,,https://s.click.aliexpress.com/e/_c3rvP1lh,https://geni.us/BufZGm,,,https://s.click.aliexpress.com/e/_c3rvP1lh | https://geni.us/BufZGm
Tools,soldering-iron,Soldering Iron,1,,https://s.click.aliexpress.com/e/_c4sOxkox,https://geni.us/Drzhe7o,,,https://s.click.aliexpress.com/e/_c4sOxkox | https://geni.us/Drzhe7o
Tools,wire-cutter,Wire cutter,1,,https://s.click.aliexpress.com/e/_c2yogYf1,https://geni.us/TFzOR4,,,https://s.click.aliexpress.com/e/_c2yogYf1 | https://geni.us/TFzOR4
Tools,wire-stripper,Wire stripper,1,,,https://geni.us/SvNtLpP,,,https://geni.us/SvNtLpP
Tools,precision-screwdriver-set,Precision Screwdriver Set,1,,https://s.click.aliexpress.com/e/_c3bHpwH9,https://geni.us/Kk4tgSV,,,https://s.click.aliexpress.com/e/_c3bHpwH9 | https://geni.us/Kk4tgSV
Tools,heat-insert-set,Heat insert set,1,,https://s.click.aliexpress.com/e/_c4PpqBn5,https://geni.us/v1c6n,,,https://s.click.aliexpress.com/e/_c4PpqBn5 | https://geni.us/v1c6n
Tools,heat-insert-tip-set,Heat insert tip - set,1,,https://s.click.aliexpress.com/e/_c4V88eu7,https://geni.us/AiMMC,,,https://s.click.aliexpress.com/e/_c4V88eu7 | https://geni.us/AiMMC
Tools,soldering-iron-ts101,Soldering Iron TS101,1,,https://s.click.aliexpress.com/e/_c2QmV6QP,https://geni.us/rPNNHLD,,,https://s.click.aliexpress.com/e/_c2QmV6QP | https://geni.us/rPNNHLD
Tools,heat-insert-kit,Heat Insert Kit,1,,https://s.click.aliexpress.com/e/_c3sFn62n,https://geni.us/zLAQ,,,https://s.click.aliexpress.com/e/_c3sFn62n | https://geni.us/zLAQ
